{
    "moreData":[
        {"year":"1970", "temp":40, "precip":60},
        {"year":"1971", "temp":-40, "precip":60},
        {"year":"1972", "temp":-40, "precip":60},
        {"year":"1973", "temp":40, "precip":60},
        {"year":"1974", "temp":40, "precip":-60},
        {"year":"1975", "temp":40, "precip":60},
        {"year":"1976", "temp":40, "precip":-60},
        {"year":"1977", "temp":-40, "precip":60},
        {"year":"1978", "temp":-40, "precip":60},
        {"year":"1979", "temp":-40, "precip":-60},
        {"year":"1980", "temp":40, "precip":-7},
        {"year":"1981", "temp":40, "precip":1},
        {"year":"1982", "temp":-40, "precip":1},
        {"year":"1983", "temp":40, "precip":5},
        {"year":"1984", "temp":40, "precip":73},
        {"year":"1985", "temp":-0.3, "precip":29},
        {"year":"1986", "temp":-0.8, "precip":59},
        {"year":"1987", "temp":-0.1, "precip":-48},
        {"year":"1988", "temp":0.7, "precip":-24},
        {"year":"1989", "temp":0.9, "precip":1},
        {"year":"1990", "temp":0.4, "precip":-41},
        {"year":"1991", "temp":0.8, "precip":5},
        {"year":"1992", "temp":-1.0, "precip":5},
        {"year":"1993", "temp":0.2, "precip":1},
        {"year":"1994", "temp":0.8, "precip":-1},
        {"year":"1995", "temp":0.7, "precip":23},
        {"year":"1996", "temp":0.5, "precip":62},
        {"year":"1997", "temp":0.6, "precip":-13},
        {"year":"1998", "temp":1.7, "precip":15},
        {"year":"1999", "temp":0.6, "precip":-41},
        {"year":"2000", "temp":0.2, "precip":7},
        {"year":"2001", "temp":0.9, "precip":-40},
        {"year":"2002", "temp":0.5, "precip":-7},
        {"year":"2003", "temp":0.8, "precip":2},
        {"year":"2004", "temp":-0.2, "precip":-18},
        {"year":"2005", "temp":0.6, "precip":21},
        {"year":"2006", "temp":1.3, "precip":48},
        {"year":"2007", "temp":0.8, "precip":-17},
        {"year":"2008", "temp":1.0, "precip":-18},
        {"year":"2009", "temp":0.3, "precip":-18},
        {"year":"2010", "temp":1.2, "precip":35}
    ]


}