[{
                "year": "1985",   "percip": 29,   "temp":-4.2
            },
            {
                "year": "1986",   "percip": 59,   "temp": -1.3
            },
            {
                "year": "1987",   "percip": -48,   "temp": 2.1
            },
            {
                "year": "1988",   "percip": -24,   "temp": 0.3
            },
            {
                "year": "1989",   "percip": 1,   "temp": 0.2
            },
            {
                "year": "1990",   "percip": -41,   "temp": 0.2
            },
            {
                "year": "1991",   "percip": 5,   "temp": -1.7
            },
            {
                "year": "1992",   "percip": 5,   "temp": 0.0
            },
            {
                "year": "1993",   "percip": 1,   "temp": -1.0
            },
            {
                "year": "1994",   "percip": -1,   "temp": 1.6
            },
            {
                "year": "1995",   "percip": 23,   "temp": -1.0
            },
            {
                "year": "1996",   "percip": 62,   "temp": -2.6
            },
            {
                "year": "1997",   "percip": -13,   "temp": 1.3
            },
            {
                "year": "1998",   "percip": 15,   "temp": 1.7
            },
            {
                "year": "1999",   "percip": -41,   "temp": 1.5
            },
            {
                "year": "2000",   "percip": 7,   "temp": -0.1
            },
            {
                "year":"2001",     "percip":-40,   "temp":1.9
            },
            {
                "year":"2002",      "percip":-7,   "temp":-0.8
            },
            {
                "year":"2003",      "percip":2,      "temp":-0
            },
            {
                "year":"2004",      "percip":-18,     "temp":1.2
            },
            {
                "year":"2005",      "percip":21,      "temp":1.5

            },
            {
                "year":"2006",      "percip":48,      "temp":-1.0

            },
            {
                "year":"2007",      "percip":-17,     "temp":0.8

            },
            {
                "year":"2008",    "percip":-18,       "temp":1.6
            },
            {
                "year":"2009",     "percip":-18,       "temp":2.5
            },
            {
                "year":"2010",     "percip":35,          "temp":0.4

            }

                ]
