{
    "myData":[
        {"year":"1970", "tempValue":-1.1, "precipValue":20},
        {"year":"1971", "tempValue":-0.1, "precipValue":-5},
        {"year":"1972", "tempValue":-1.8, "precipValue":-3},
        {"year":"1973", "tempValue":0.8, "precipValue":26},
        {"year":"1974", "tempValue":0.0, "precipValue":-42},
        {"year":"1975", "tempValue":0.8, "precipValue":-4},
        {"year":"1976", "tempValue":0.0, "precipValue":-66},
        {"year":"1977", "tempValue":-0.2, "precipValue":10},
        {"year":"1978", "tempValue":-1.0, "precipValue":46},
        {"year":"1979", "tempValue":-0.2, "precipValue":-21},
        {"year":"1980", "tempValue":0.0, "precipValue":-7},
        {"year":"1981", "tempValue":0.5, "precipValue":1},
        {"year":"1982", "tempValue":-0.5, "precipValue":1},
        {"year":"1983", "tempValue":0.6, "precipValue":5},
        {"year":"1984", "tempValue":0.7, "precipValue":73},
        {"year":"1985", "tempValue":-0.3, "precipValue":29},
        {"year":"1986", "tempValue":-0.8, "precipValue":59},
        {"year":"1987", "tempValue":-0.1, "precipValue":-48},
        {"year":"1988", "tempValue":0.7, "precipValue":-24},
        {"year":"1989", "tempValue":0.9, "precipValue":1},
        {"year":"1990", "tempValue":0.4, "precipValue":-41},
        {"year":"1991", "tempValue":0.8, "precipValue":5},
        {"year":"1992", "tempValue":-1.0, "precipValue":5},
        {"year":"1993", "tempValue":0.2, "precipValue":1},
        {"year":"1994", "tempValue":0.8, "precipValue":-1},
        {"year":"1995", "tempValue":0.7, "precipValue":23},
        {"year":"1996", "tempValue":0.5, "precipValue":62},
        {"year":"1997", "tempValue":0.6, "precipValue":-13},
        {"year":"1998", "tempValue":1.7, "precipValue":15},
        {"year":"1999", "tempValue":0.6, "precipValue":-41},
        {"year":"2000", "tempValue":0.2, "precipValue":7},
        {"year":"2001", "tempValue":0.9, "precipValue":-40},
        {"year":"2002", "tempValue":0.5, "precipValue":-7},
        {"year":"2003", "tempValue":0.8, "precipValue":2},
        {"year":"2004", "tempValue":-0.2, "precipValue":-18},
        {"year":"2005", "tempValue":0.6, "precipValue":21},
        {"year":"2006", "tempValue":1.3, "precipValue":48},
        {"year":"2007", "tempValue":0.8, "precipValue":-17},
        {"year":"2008", "tempValue":1.0, "precipValue":-18},
        {"year":"2009", "tempValue":0.3, "precipValue":-18},
        {"year":"2010", "tempValue":1.2, "precipValue":35}
    ]


}